Id,First_Name,Last_Name,Email,Dev_-_QA-AQA,Type_of_Developer,Seniority_Level,Primary_Skill_Set,Location_City,Location_Country,English_level,Phone,Leads_owner_2018,Lead_month_2018,Date_of_Last_Interview,Primary_Interviewers,Clients_Submission,Rejected_for_clients,Date_of_Submission,Candidate_Status,Interview
248544000000098189,Anatoliy,Gordienko,tolig.emale@gmail.com,Developer,"Full Stack",Lead,"React.js;Angular 2+;Golang",,Ukraine,Intermediate,"066 705-03-04",Anna,"09. September2018",2018-09-25,,,,,"Prospect/Qualified contacted",Scheduled
248544000000146790,Yuriy,Gerton,gerton88@gmail.com,Developer,,Lead,JS,Kharkiv,Ukraine,"Upper intermediate",+380974141443,"David Khachatryan","08. August2021",2018-11-06,,,,,"TT failed",Scheduled
248544000000240523,Serhii,Khrychov,sergeyhall@gmail.com,QA,,Senior,,Kyiv,Ukraine,Intermediate,0985072494,"Mariana Romaniv","09. September2019",2019-09-20,,,,,Interested,Scheduled
248544000000271035,Oleg,Malii,malij@i.ua,Developer,"Full Stack",Senior,Node.js,Kharkiv,Ukraine,"Upper intermediate","095 124 86 68","Kristina Belosludtseva","11. November2019",2019-11-13,,,,,"NOT Interested",Scheduled
248544000000318721,Игорь,Игнатов,ignatov.igor.if@gmail.com,Developer,,Lead,.NET,Kharkiv,Ukraine,"Upper intermediate",,"Kristina Belosludtseva","05. May2018",2018-05-31,,,,,"NOT Interested",Scheduled
248544000000323189,Vladimir,Marchev,marchev.vladimir@gmail.com,Developer,,Lead,Java,Kharkiv,Ukraine,Intermediate,"+38 066 8828636",,"05. May2021",,,,,,Interested,Passed
248544000000326782,Jaroslaw,Kuchuk,yaroslav.kuchuk@gmail.com,Developer,,Lead,.NET,Kharkiv,Ukraine,Intermediate,,"Anastasia Kuzmenko","11. November2019",2019-11-26,,,,,"Prospect/Qualified contacted",Scheduled
248544000000414148,Egor,Petrov,egop.petrov@gmail.com,QA,,Lead,,Kharkiv,Ukraine,Intermediate,+380937631611,-None-,"02. February 2022",2018-05-29,,,,,Interested,Scheduled
248544000000436480,Konstantin,Vasilchenko,moonpalmer@gmail.com,Developer,,Senior,Android,Kharkiv,Ukraine,Intermediate,,"Sofia Kravchenko","10. October2020",,,,,,"Position Closed",Scheduled
248544000000487860,Yaroslav,Shevchenko,valsorya94@gmail.com,"Marketing manager",,Senior,,Kharkiv,Ukraine,"Upper intermediate",0991373055,"Mariia Stepanenko","01. January2020",2020-02-05,,,,,Interested,Scheduled
248544000000496064,Alexey,Novitskyi,iamalexey@gmail.com,Developer,,Lead,".NET;.Net Core",Kharkiv,Ukraine,"Upper intermediate",+380-50-011-4567,"Yana Bilokryla","09. September 2021",2021-09-27,,,,,"Refused to Continue Process",Scheduled
248544000000515320,Mike,Bozhedomov,mike.bozhedomov@gmail.com,Developer,,Middle,Angular.js,Kyiv,Ukraine,"Upper intermediate",0683311655,"Mariana Romaniv","02. February 2022",2022-02-22,,,,,"Waiting for TI",Scheduled
248544000000660837,Evgeniy,Ivanov,iivanov.evgenii@gmail.com,Developer,,Senior,Java,Kharkiv,Ukraine,Intermediate,+380505759528,"Yana Bilokryla","02. February2021",2018-05-23,,,,,"Refused to Continue Process",Scheduled
248544000000684821,Dmitry,Marchuk,code@dmarchuk.com,Developer,"Full Stack",Senior,"Java;React.js;C Sharp;TypeScript",Kyiv,Ukraine,Intermediate,+380975704744,"Olha Buhaichuk","12. December 2021",2022-01-17,,,,,"Refused to Continue Process",Scheduled
248544000000710019,Alexander,Podrubailo,alex.podrubailo@gmail.com,Developer,"Back End",Senior,Java,Kyiv,Ukraine,Intermediate,"+380 (50) 148-81-86",-None-,"07. July2021",2018-04-13,,,,,Interested,Scheduled
248544000000722054,Mikhail,Batsev,batsevmb@gmail.com,Developer,,Lead,Java;Scala,Kyiv,Ukraine,"Not checked yet",,Rimma,"05. May2018",2018-05-15,,,,,"Contacted via Email",Scheduled
248544000000819200,Daniil,Bystrov,daniil.bystrov@gmail.com,Developer,,CTO,iOS,Kyiv,Ukraine,,,,"09. September 2021",,,,,,Interested,Scheduled
248544000000819792,Ivan,Bohuslavskyi,ivan.bohuslavskyi@gmail.com,Developer,,Senior,React.js;JS,Kyiv,Ukraine,"Upper intermediate",,"Mariana Romaniv","07. July2020",2020-07-28,,,,,"Prospect/Qualified contacted",Scheduled
248544000000821542,Dmitry,Scherbatyuk,dima.scherbatyuk@gmail.com,Developer,"Back End",Senior,Java,,Ukraine,Intermediate,"+380990745940 (Home)","Yana Bilokryla","09. September 2021",2021-09-30,,,,,"Refused to Continue Process",Scheduled
248544000000844250,Dmitry,Oleynichenko,frenkdrebin@ukr.net,Developer,,Senior,Java,Kyiv,Ukraine,"Not checked yet",0972463946,Rimma,"04. April2018",2018-05-15,,,,,Responded,Scheduled
248544000000887060,Oleh,Lustenko,oleglustenko@gmail.com,Developer,,Architect,React.js,Kharkiv,Ukraine,Intermediate,38-099-13-78-130,"Sofia Kravchenko","08. August2020",2019-11-28,,,,,"NOT Interested",Scheduled
248544000000905857,Oleksandr,Kaliuzhnyi,kaliuzhnyi.o@gmail.com,"Data Engineer",,Middle,Python;AWS,,Ukraine,"Upper intermediate",0976063033,"Mariana Romaniv","04. April2020",2020-04-07,,,,,"Prospect/Qualified contacted",Scheduled
248544000001035357,Andriy,Danilichev,andriy.danilichev@gmail.com,Designer,,Senior,UI/UX,Kharkiv,Ukraine,Intermediate,"+38 097 41 41 028","Mariana Romaniv","01. January 2022",2022-02-01,,,,,"Refused to Continue Process",Scheduled
248544000001042169,Vera,Kovylina,verrryshok@gmail.com,QA,,Middle,"API testing;Functional testing",Kyiv,Ukraine,Intermediate,,"Olha Buhaichuk","09. September 2021",2021-10-08,,,,,"Refused to Continue Process",Scheduled
248544000001155335,Roman,Ryltsev,romanryltsev@gmail.com,PM,,Senior,,Kyiv,Ukraine,"Upper intermediate",0953653706,Anna,"06. June2018",2018-06-26,,,,,Interested,Scheduled
248544000001333043,Serhiy,Serhienko,sergienkojavadev@gmail.com,Developer,,Senior,Java;SQL;MongoDB,Kharkiv,Ukraine,"Upper intermediate",,"Nikita Shevchenko","05. May2018",,,,,,"Contacted via LinkedIn",Scheduled
248544000001380008,Serhiy,Kulyk,serge2004@ua.fm,Developer,"Back End",Senior,Java;SQL,Kyiv,Ukraine,"Upper intermediate","097 551 3634","Yana Bilokryla","09. September 2021",,,,,,"Prescreen failed",Scheduled
248544000001552084,Oleksii,N.,avecezar17@mail.ru,Developer,,Lead,JS;Node.js;React.js,Kyiv,Ukraine,"Upper intermediate",,"Dariia Perzhanovska","02. February2020",,,,,,"Position Closed",Scheduled
248544000001626199,Igor,Lein,igorlein89@gmail.com,Developer,,Senior,React.js,Kharkiv,Ukraine,"Upper intermediate",0973866270,"Dariia Perzhanovska","07. July2021",2021-08-06,,,,,"Refused to Continue Process",Scheduled
248544000001841988,Kate,Luzhyna,lujina.katerina@gmail.com,"Account Manager",,Middle,,Kharkiv,Ukraine,"Upper intermediate",0954778594,"Sofia Kravchenko","06. June2020",,,,,,On-hold,Scheduled
248544000001934606,Anna,Solodovnikova,riseagainst216@gmail.com,QA,,Senior,,Kharkiv,Ukraine,Intermediate,063-944-49-01,"Nikita Shevchenko","07. July2018",2018-07-16,,,,2018-07-23T11:00:00+03:00,"NOT Interested",Scheduled
248544000002037001,Kseniia,Shmatova,kseniia.alokhina@gmail.com,"Marketing manager",,Senior,N/A,Kharkiv,Ukraine,Intermediate,+380936651203,"Nikita Sagan","02. February 2022",2022-02-23,,,,,"Waiting for TI",Scheduled
248544000002081116,Victor,Movchan,movchanvictor@gmail.com,Developer,"Full Stack",Lead,JS;Node.js;React.js,Kyiv,Ukraine,Intermediate,"067 917 65 45","Vera Nikitenko","10. October2020",,,,,,"Refused to Continue Process",Scheduled
248544000002088031,Volodymyr,Parandii,vparandii@icloud.com,Developer,"Full Stack",Senior,React.js;RN;Node.js,,Ukraine,"Upper intermediate",0999211473,"Anastasia A.","09. September2018",2018-10-01,,,,,"Prospect/Qualified contacted",Scheduled
248544000002096001,Yevgeniy,Muhanov,eugene.mukhanov@gmail.com,Developer,,Architect,.NET,Kyiv,Ukraine,Advanced,096-502-13-51,"Yana Bilokryla","04. April2021",,,,,,"Refused to Continue Process",Scheduled
248544000002316502,Alexander,Vovolka,alexander.vovolka@gmail.com,Developer,,Senior,JS;React.js,Kyiv,Ukraine,"Upper intermediate","380 (96) 710 02 42","Vera Nikitenko","01. January2020",,,,,,"Waiting for TI",Scheduled
248544000002755372,Kateryna,Kashchenko,katikate123@gmail.com,Developer,,Senior,React.js,Kyiv,Ukraine,"Upper intermediate",+380997548257,Rimma,"11. November2018",2018-11-08,,,,,"NOT Interested",Scheduled
248544000002888450,Eugene,Salmin,bignoga@ukr.net,Developer,,Lead,Java,Kyiv,Ukraine,"Upper intermediate",+380937416697,"Yana Bilokryla","08. August2021",,,,,,"TT failed",Scheduled
248544000002897294,Viacheslav,Borysovskyi,vyacheslav.borisovskiy@gmail.com,QA,,Senior,"API testing",Kharkiv,Ukraine,"Upper intermediate",0991386773,"Olha Buhaichuk","08. August2021",,,,,,"TT failed",Scheduled
248544000002981021,Vladyslav,Poliakov,vvpzilot@gmail.com,Developer,"Full Stack",Senior,React.js;Node.js,Kyiv,Ukraine,Intermediate,0637990565,"Dariia Perzhanovska","03. March2021",2020-08-04,,,,,"Refused to Continue Process",Scheduled
248544000003192302,Dang,Nguyen,ledangwork@gmail.com,Developer,"Full Stack",Senior,Wordpress;JS;Vue.js;PHP,Odessa,Ukraine,Intermediate,,"Anna Palamarchuk","03. March2021",,,,,,"Refused to Continue Process",Scheduled
248544000003330304,Anastasiia,Lykhman,likh.nastya@gmail.com,"Marketing manager",,Middle,,Kharkiv,Ukraine,"Upper intermediate",0976369147,"Yana Bilokryla",12.December2020,2020-03-18,,,,,"TT failed",Scheduled
248544000003390318,Nataliya,Zaytseva,natali.zaytseva02@gmail.com,Developer,,Senior,Java,Kharkiv,Ukraine,"Upper intermediate",,"Nikita Shevchenko","05. May2018",,,,,,"Prospect/Qualified contacted",Scheduled
248544000003437059,Ruben,Krbashyan,krbashyan.r@gmail.com,Developer,,Middle,React.js;Angular.js;Vue.js,,Ukraine,"Not checked yet",+380503239821,"Anastasia A.","10. October2018",2018-10-29,,,,2018-10-31T16:00:00+02:00,"Prospect/Qualified contacted",Scheduled
248544000003448257,Denys,Sych,denis.feelin@gmail.com,Developer,,Senior,"JS;Angular 2+",Kharkiv,Ukraine,"Upper intermediate","(093) 375-21-28","Nikita Shevchenko","05. May2018",,,,,,"NOT Interested",Scheduled
248544000003495105,Dmitriy,G.,dima.gorobets88@gmail.com,Developer,,Senior,Java;React.js;JS;Angular.js;UI;UX;JQuery,Kharkiv,Ukraine,"Upper intermediate",+380957356334,"Dariia Perzhanovska","08. August2020",,,,,,"Prospect/Qualified contacted",Scheduled
248544000003636952,Veronika,Kolyukaeva,veronika_klkv@mail.ru,AQA,,Senior,"AQA Python",Kyiv,Ukraine,Intermediate,+380997134084,"Vera Nikitenko","08. August2019",,,,,,Interested,Scheduled
248544000003645101,Oleksandra,Yeskova,alexandra.yeskova@gmail.com,QA,,Lead,,Kyiv,Ukraine,"Upper intermediate",0637052724,"Mariana Romaniv","08. August2019",2019-09-02,,,,,Interested,Scheduled
248544000003682566,Maryna,Ahieieva,marinaageeva14@gmail.com,Developer,,Senior,"JS;Angular 2+",Kharkiv,Ukraine,Intermediate,095-814-21-58,"Anna Palamarchuk","05. May2018",2018-05-16,,,,,"Waiting for TI",Scheduled
248544000003691053,Anna,Grechko,annagrechko23@gmail.com,Developer,,Senior,D3;Vue.js,Kharkiv,Ukraine,"Upper intermediate",0663380829,-None-,"10. October 2021",2020-08-31,,,,,Interested,Scheduled
248544000003743599,Evgeniy,Potrivaev,potrivaev@gmail.com,AQA,,Senior,"AQA Python",Kyiv,Ukraine,"Upper intermediate",093-709-93-85,-None-,"06. June2018",,,,,,Interested,Scheduled
248544000003755359,Yevgenia,Leleka,ev.leleka@gmail.com,QA,,Senior,,Kyiv,Ukraine,"Upper intermediate",,"Mariana Romaniv","08. August2019",2019-09-05,,,,,Interested,Scheduled
248544000003755806,Iegor,Tezikov,yegor.tezikov@gmail.com,Developer,,Lead,Java;UI,Kyiv,Ukraine,"Upper intermediate",,"Nikita Shevchenko","05. May2018",2018-05-31,,,,2018-06-04T12:00:00+03:00,"Prospect/Qualified contacted",Scheduled
248544000003788863,Alexander,Kolomiichuk,Alex.Kolomiychuk@gmail.com,Developer,,Senior,Java,Kyiv,Ukraine,"Upper intermediate","+38 (067) 2570194",,"08. August2021",2018-06-19,,,,,Interested,Scheduled
248544000003788890,Pavel,Butenko,butpavel@gmail.com,Developer,,Lead,Java;,Kyiv,Ukraine,"Upper intermediate",,"Nikita Shevchenko","05. May2018",2018-05-25,,,,,"Prospect/Qualified contacted",Scheduled
248544000003841110,Yurii,Bachu,ba4yrik@gmail.com,Developer,,Senior,React.js;Vue.js,Kyiv,Ukraine,Pre-Intermediate,+380939271354,"Anhelina Zhdanko","11. November 2021",2018-02-13,,,,,"Prescreen failed",Scheduled
248544000003983441,Julia,Trynozhko,julia.trynozhko1991@gmail.com,"HR manager",,Lead,N/A,Kharkiv,Ukraine,"Upper intermediate",380950251304,-None-,"09. September 2021",2021-09-24,,,,,"Waiting for TI",Scheduled
248544000003990397,Dmytro,Garastovych,fitterandhappier@gmail.com,Developer,,Lead,JS,Kyiv,Ukraine,"Not checked yet",+380667743919,-None-,12.December2018,2018-12-13,,,,2018-12-18T18:00:00+02:00,Interested,Scheduled
248544000004142001,Sergey,Starostenko,sergiijobs@gmail.com,Developer,,Middle,React.js;Angular.js,Kharkiv,Ukraine,Intermediate,"+38 (068) 18 55 291","Vera Nikitenko","10. October2020",,,,,,"Refused to Continue Process",Scheduled
248544000004168863,Andrei,Chalyi,andrey.chaluy@gmail.com,Developer,,Senior,RN;React.js;JS,Kharkiv,Ukraine,Intermediate,0959012702,"Kristina Belosludtseva","09. September2018",,,,,,"Contacted via LinkedIn",Scheduled
248544000004169521,Vitalii,Yemets,nikopo@rambler.ru,Developer,,Lead,".NET;Angular 2+",Kyiv,Ukraine,Intermediate,,"Vera Nikitenko","07. July2020",,,,,,"Prospect/Qualified contacted",Scheduled
248544000004285227,Dmytro,Khmara,dmytro.khmara@gmail.com,Developer,,Senior,"C++; C Sharp",Kyiv,Ukraine,Intermediate,,"Sofia Kravchenko","04. April2020",2020-04-17,,,,,"Changed client requirements",Scheduled
248544000004374071,Petr,Yatsyuk,petr.yatsyuk@gmail.com,Developer,,Senior,C++,Kyiv,Ukraine,Intermediate,,"Kristina Belosludtseva","04. April2018",2018-04-26,,,,,"Prospect/Qualified contacted",Scheduled
248544000004422423,Maria,Barabash,mbarabash.kh@gmail.com,"Marketing manager",,Senior,,Kharkiv,Ukraine,"Upper intermediate",0687968792,"Mariia Stepanenko","11. November2019",,,,,,Interested,Scheduled
248544000004658827,Alina,Kiyas,alinakiyas@gmail.com,Recruiter,,Lead,,Kyiv,Ukraine,"Upper intermediate",,"Sofia Kravchenko","09. September2020",2018-04-06,,,,,"Refused to Continue Process",Scheduled
248544000004695741,Павел,Ревенко,paulrevenko@gmail.com,"Marketing manager",,Middle,,Kharkiv,Ukraine,"Not checked yet",380990528883,"Kristina Belosludtseva","04. April2018",,,,,,Interested,Scheduled
248544000004718010,Tetiana,Khrypushyna,khripushinka@gmail.com,Developer,,Senior,Java;,Kharkiv,Ukraine,"Upper intermediate","068 234 1611","Nikita Shevchenko","05. May2018",2018-06-13,,,,,"NOT Interested",Scheduled
248544000004808259,Viktoriia,Semeniuk,semeniuk.vika@gmail.com,Designer,,,,Kyiv,Ukraine,"Upper intermediate","093 153 43 40",Rimma,"04. April2018",,,,,,Interested,Scheduled
248544000004928441,Aleksandra,Starikova,sharygink0bk@gmail.com,Recruiter,,,,Kharkiv,Ukraine,"Not checked yet",0990493837,LeadGeneration,"05. May2018",2018-05-17,,,,,Interested,Scheduled
248544000005067105,Dmitriy,Laletin,laletin.dmitriy@gmail.com,Developer,,Middle,Java;JS;Oracle;UI,Odessa,Ukraine,Intermediate,"+380 93 6835555","Nikita Shevchenko","05. May2018",2018-06-01,,,,,"Prospect/Qualified contacted",Scheduled
248544000005372103,Dmytro,Hutsalo,d.hutsalo95@gmail.com,Developer,,Senior,Java,Kyiv,Ukraine,Intermediate,,"Sofia Kravchenko","08. August2019",2018-07-20,,,,,Interested,Scheduled
248544000005372511,Anatolii,Shevchuk,toly.shevchuk@gmail.com,Developer,"Back End",Senior,Java;Angular.js,Kyiv,Ukraine,"Upper intermediate",+380934410460,"Anna Klimova","02. February 2022",2022-02-21,,,,,"Waiting for TI",Scheduled
248544000006014700,Viktor,Perih,nomequies@gmail.com,QA,,Senior,SQL;Python;UX;Automation,Kyiv,Ukraine,"Upper intermediate",,"Vera Nikitenko","11. November2020",,,,,,"Contacted via LinkedIn",Scheduled
248544000006022626,Vitaliy,Sidorenko,forenji@gmail.com,Developer,,Senior,"Java;JS;Angular.js;Angular 2+;Node.js;Android;Wordpress",Kyiv,Ukraine,Intermediate,099-146-58-93,"Mariana Romaniv","06. June2021",2021-08-06,,,,,"Refused to Continue Process",Scheduled
248544000006319171,Anna,Smezhina,anna.chernetskaya1@gmail.com,Recruiter,,Middle,,Kharkiv,Ukraine,"Upper intermediate","093 622 47 98","Anastasia Kuzmenko","07. July2018",2018-08-07,,,,,"NOT Interested",Scheduled
248544000006713399,Dmytro,Skorniakov,dmytro.skorniakov@gmail.com,Developer,"Back End",Senior,Java,Kyiv,Ukraine,Intermediate,+380505590146,"Yana Bilokryla","10. October 2021",2021-10-26,,,,,"Refused to Continue Process",Scheduled
248544000006791117,Dmitriy,K.,deemaaikido@gmail.com,Developer,"Full Stack",Senior,React.js;Node.js,Kharkiv,Ukraine,Intermediate,,"Liubov Dykan","10. October2020",,,,,,"Refused to Continue Process",Scheduled
248544000006960483,Yaroslav,Dvorovenko,crazyfan1993@gmail.com,Developer,,Lead,JS;React.js;Node.js,Odessa,Ukraine,"Upper intermediate",0994091051,"Anastasiia Radutna","09. September 2021",2021-10-12,,,,,"Waiting for TI",Scheduled
248544000006965913,Alexander,Beloglazov,,DevOps,,Senior,Jenkins;DevOps,Kyiv,Ukraine,"Upper intermediate",+380632704702,"Kristina Belosludtseva","10. October2018",2018-10-08,,,,,"Contacted via Email",Scheduled
248544000006984211,Mariia,Reshetova,molodykmaria@gmail.com,BA,,Middle,,Kyiv,Ukraine,"Not checked yet",,-None-,"10. October2018",,,,,,"Contacted via LinkedIn",Scheduled
248544000007102897,Volodymyr,Vashchenko,Vaschenko.volodymyr@gmail.com,DevOps,,Senior,Java;JS;Android;AWS;DevOps,Lviv,Ukraine,Intermediate,,"Anna Klimova","10. October 2021",2021-11-02,,,,,"Refused to Continue Process",Scheduled
248544000007112915,Yan,Lytovka,retraut@gmail.com,DevOps,,Senior,DevOps,Kyiv,Ukraine,Intermediate,"066 959 33 11",,"11. November 2021",2019-08-08,,,,,Interested,Scheduled
248544000007115219,Roman,S.,soloviovr@outlook.com,DevOps,,Senior,DevOps,Kyiv,Ukraine,"Upper intermediate",,"Dariia Perzhanovska","09. September2019",,,,,,"Prospect/Qualified contacted",Scheduled
248544000007207335,Gleb,Dolzhikov,9276677@gmail.com,Developer,,Senior,React.js;,,Ukraine,"Upper intermediate",0509276677,Rimma,"10. October2018",2018-10-24,,,,,"Prospect/Qualified contacted",Scheduled
248544000007231010,Anton,Vashchenko,avaschenko93@gmail.com,"Data Engineer",,Middle,"C Sharp",Kyiv,Ukraine,"Upper intermediate",,,"10. October2018",,,,,,248544000006591258,Scheduled
248544000007313477,Artem,Aharkov,a.progerz@gmail.com,"Data Scientist",,Middle,Python,Kyiv,Ukraine,"Not checked yet",,,"10. October2018",2018-10-22,,,,,"NOT Interested",Scheduled
248544000007429865,Evgen,Rezunenko,Rezunenko1990qa@gmail.com,QA,,Senior,Android,Kharkiv,Ukraine,"Upper intermediate",380666782825,Anna,"11. November2018",2018-11-22,,,,,"Contacted via LinkedIn",Scheduled
248544000008116234,Darilana,Kudinova,darilana.kudinova@gmail.com,Developer,,Middle,React.js,Kharkiv,Ukraine,"Not checked yet",,"Anastasia A.","11. November2018",2018-12-11,,,,,"Prospect/Qualified contacted",Scheduled
248544000008130368,Vladyslav,Bilotserkovskyi,vlad.bilotserkovskyi@gmail.com,Developer,,Lead,".Net Core;.NET",Kharkiv,Ukraine,"Upper intermediate",380993344110,"Yana Bilokryla","06. June2021",,,,,2019-08-16T14:00:00+03:00,"Refused to Continue Process",Scheduled
248544000008139335,Oleh,H.,oy.alpha@gmail.com,DevOps,,Senior,AWS;DevOps;Jenkins;SQL,Kharkiv,Ukraine,"Upper intermediate",+380507502693,-None-,"02. February 2022",,,,,,Interested,Scheduled
248544000008571589,Konstantin,Ogulchansky,spaceiseternal@gmail.com,Developer,,Senior,".NET; C Sharp;",Kharkiv,Ukraine,"Upper intermediate",,"Nikita Shevchenko",12.December2018,2019-01-23,,,,2019-01-25T13:00:00+02:00,"Prospect/Qualified contacted",Scheduled
248544000009674295,Alina,Umanskaya,alina.umanskaya1@gmail.com,"Marketing manager",,,,Kharkiv,Ukraine,"Upper intermediate",0636691217,"Anastasia Kuzmenko","01. January2019",2019-02-05,,,,,Interested,Scheduled
248544000009696707,Serhii,Savytskyi,savytskyi96@gmail.com,Developer,,Middle,Java;SQL,Kyiv,Ukraine,"Upper intermediate",,"Anna Klimova","06. June2021",,,,,,"Refused to Continue Process",Scheduled
248544000009715534,Ольга,Литвиненко,olitvinenko198@gmail.com,Designer,,Senior,UI/UX,Kyiv,Ukraine,"Upper intermediate","+38 (073) 478-39-53","Mariana Romaniv","02. February 2022",2022-02-21,,,,,"Waiting for TI",Scheduled
248544000009870213,Dmytro,Chornyi,dimachorny92@gmail.com,Developer,"Front End",Middle,JS,Kharkiv,Ukraine,"Upper intermediate",0507430756,"Myloslava Chernii","10. October 2021",2022-01-05,,,,,"Stopped replying",Scheduled
248544000009962270,Konstantin,Morhun,kmorgun@gmail.com,Developer,,Senior,JS,Kharkiv,Ukraine,Intermediate,"+38 (067) 950-61-91",-None-,"02. February2019",,,,,,Interested,Scheduled
248544000010380775,Evgeniy,Karpenko,karpenko919@gmail.com,Recruiter,,Middle,,Kharkiv,Ukraine,"Upper intermediate",380503014439,"Mariana Romaniv",12.December2020,2020-12-16,,,,,"NOT Interested",Scheduled
248544000010417007,Anastasia,Yalbuhan,nastya.yalbugan@gmail.com,Recruiter,,Middle,,Kharkiv,Ukraine,"Upper intermediate",380507776431,"Artem Nikitiuk","10. October2020",,,,,,"Refused to Continue Process",Scheduled
248544000010687345,Maksym,Alferov,alferovtest@gmail.com,AQA,,Senior,,Kharkiv,Ukraine,Intermediate,380966532169,-None-,"01. January 2022",,,,,,Interested,Scheduled
248544000010760311,Liudmyla,Tupota,greenmellowavocado@gmail.com,"HR manager",,Senior,,Kyiv,Ukraine,Advanced,+380936796739,"Mariana Romaniv","02. February2021",2021-03-10,,,,,"Waiting for TI",Scheduled
248544000010936703,Nikita,Lysenko,johnnyborjomi@gmail.com,Developer,,Middle,JS;,Kharkiv,Ukraine,Intermediate,"+38 (066) 141-58-25","Anastasia Kuzmenko","01. January2021",2021-01-29,,,,2021-01-29T19:00:00+02:00,Hired,"Tentatively Passed"
248544000011336546,Вячеслав,Кисляк,stalker.aurora@gmail.com,Developer,"Full Stack",Middle,Node.js;Angular.js;MongoDB,Kharkiv,Ukraine,"Not checked yet",,,,,"Oleksandr Biliavskyi",,,,"TI failed",Passed
248544000011341393,Ann,Kanievska,kanievska.ann.work@gmail.com,Developer,"Full Stack",Senior,"Java;React.js;Angular 2+",Kharkiv,Ukraine,"Upper intermediate",0660225612,"Mariana Romaniv","08. August2020",2020-08-25,,,,,"NOT Interested",Scheduled
248544000011587329,Nadiia,Kucherenko,nadiia.kucherenko@gmail.com,QA,,Senior,,,Ukraine,Intermediate,,"Marina Bezuglaya","07. July2019",,,,,,"NOT Interested",Scheduled
248544000011790473,Volodymyr,Klovak,vklovak@gmail.com,AQA,,Senior,"AQA Java;AQA Python",Kyiv,Ukraine,"Upper intermediate",,"Vera Nikitenko","07. July2019",,,,,,Interested,Scheduled
248544000012999200,Artem,Dyadik,dyadik96@gmail.com,DevOps,,Middle,DevOps,Kharkiv,Ukraine,Intermediate,,"Dariia Perzhanovska","07. July2019",2019-07-19,,,,,Interested,Scheduled
248544000013756875,Lyudmila,Shostak,llpu@ukr.net,"Office Manager",,Middle,,Kyiv,Ukraine,Intermediate,"+38 099 07 111 06","Mariana Romaniv","08. August2019",2019-08-13,,,,,Interested,Scheduled
248544000013902658,Николай,Белоус,nic.belous@gmail.com,QA,,Senior,"API testing;Mobile testing",Kyiv,Ukraine,Intermediate,+380634302832,"Olha Buhaichuk","02. February 2022",2022-02-18,,,,,"Waiting for TI",Scheduled
248544000013969313,Valery,Cherepakhin,valery-7@ukr.net,Developer,"Full Stack",Middle,.NET;JS,,Ukraine,Intermediate,"38 (098) 899 15 77","Yana Bilokryla","02. February2021",2021-03-05,,,,,Hired,Scheduled
248544000015475363,Oleg,S.,smagnovoleg@gmail.com,Developer,,Senior,Node.js;React.js,Kyiv,Ukraine,"Upper intermediate","093 549 47 58",-None-,"09. September 2021",2019-10-04,,,,,Interested,Scheduled
248544000016599061,Vitaliy,Klepka,vitaly.klepka@gmail.com,Developer,,Senior,Node.js,Kyiv,Ukraine,Intermediate,"38 050 237-30-56","Mariana Romaniv","07. July2020",2019-11-08,,,,,"Prospect/Qualified contacted",Scheduled
248544000016769278,Vladyslav,Kornieiev,vlad.kornieiev@gmail.com,Developer,,Senior,Java,,Ukraine,"Upper intermediate","+38 (063) 225-24-99","Dariia Perzhanovska","11. November2019",2019-11-13,,,,2019-11-18T11:00:00+02:00,"NOT Interested",Scheduled
248544000017512759,Ksenia,Zadvorna,adcraft.ukr@gmail.com,"Marketing manager",,Senior,,Kharkiv,Ukraine,"Upper intermediate",+380992070885,"Mariia Stepanenko",12.December2019,2019-12-20,,,,,Interested,Scheduled
248544000018079413,Dmytro,Piddubnyi,dmitry.s.poddubny@gmail.com,Developer,,Senior,JS;React.js;Angular.js;Node.js;PHP,Kyiv,Ukraine,"Upper intermediate",,"Dariia Perzhanovska","07. July2021",,,,,,"Rejected by client",Scheduled
248544000018599332,Artem,Bernatskyy,artem.bernatskyy@gmail.com,Developer,"Full Stack",Senior,Python;React.js,Kyiv,Ukraine,Advanced,0982722177,"Vera Nikitenko","01. January2020",,,,,,"NOT Interested",Scheduled
248544000018703891,Anastasia,Vinnik,anastacia.vinnik86@gmail.com,"Marketing manager",,Middle,N/A,Kharkiv,Ukraine,"Upper intermediate",+38-066-329-26-80,"Vitalina Mieshkova","07. July2021",2021-08-04,,,,,"Refused to Continue Process",Scheduled
248544000018868932,Iaroslav,Tonkovyd,tonkoyarik@gmail.com,Developer,,Senior,Python,Kyiv,Ukraine,"Not checked yet",+380502664252,"Marina Bezuglaya","02. February2020",2020-02-18,,,,,"Prospect/Qualified contacted",Interviewed
248544000018877282,Sergey,Sheyko,sergej.shejko@gmail.com,Developer,"Back End",Middle,Python,Dnipro,Ukraine,"Upper intermediate",+380676848950,"Myloslava Chernii","10. October 2021",2022-01-05,,,,,"Stopped replying",Scheduled
248544000018960524,Kyrylo,Kovalenko,kovalenko.tech@gmail.com,Developer,,Lead,RN;iOS,Kyiv,Ukraine,"Upper intermediate",,"Anna Matushko","01. January 2022",2021-09-17,,,,,"Stopped replying",Scheduled
248544000019389167,Nazar,Kontorchuk,nikontorchuk@gmail.com,Developer,,Middle,Python,Kyiv,Ukraine,Intermediate,+380935607381,"Artem Nikitiuk","01. January2021",,,,,,"Waiting for TI",Scheduled
248544000019798563,Dmytro,Halkin,galkindmitriy21@gmail.com,PM,,Senior,N/A,Kharkiv,Ukraine,Advanced,050555-26-00,"Dariia Perzhanovska","04. April2021",,,,,,"Refused to Continue Process",Scheduled
248544000019816522,Daria,Tkachenko,alefdaria@gmail.com,AQA,,Lead,,Kyiv,Ukraine,Intermediate,+380973069069,"Mariana Romaniv","03. March2020",2020-03-23,,,,,"Refused to Continue Process",Scheduled
248544000019925015,Andrii,Klymenko,andrey.klimenko@gmail.com,Developer,,Senior,"Golang; C++;",Kyiv,Ukraine,Intermediate,"063 360 31 05","Dariia Perzhanovska","06. June2020",,,,,,"Refused to Continue Process",Scheduled
248544000023787336,Aleksey,Yezlov,alex.dev.ezlov@gmail.com,Developer,"Full Stack",Senior,JS;React.js;Node.js;Vue.js;Angular.js,Kharkiv,Ukraine,"Upper intermediate","(068) 227-15-97","Anna Palamarchuk","04. April2021",,,,,,"Refused to Continue Process",Scheduled
248544000024437100,Anna,Bankovskaya,bussebu@gmail.com,Developer,"Front End",Senior,JS;React.js;Node.js;PHP,Kyiv,Ukraine,Intermediate,+380667671191,"Anhelina Zhdanko","09. September 2021",2021-09-24,,,,,"Refused to Continue Process",Scheduled
248544000024743065,Vladyslav,Solomeniuk,sqrt2010@gmail.com,Designer,,Lead,,Kyiv,Ukraine,Intermediate,380671182445,"Sofia Kravchenko","06. June2020",,,,,,"Refused to Continue Process",Scheduled
248544000024939524,Yevheniia,Tuholukova,etugoluk@gmail.com,"Data Scientist",,Junior,,Kyiv,Ukraine,"Upper intermediate",+380637136121,"Anastasia Kuzmenko","06. June2020",2020-07-09,,,,,"Refused to Continue Process",Scheduled
248544000025460595,Kyrylo,Stas,vesground@gmail.com,Developer,,Senior,React.js,Kyiv,Ukraine,"Upper intermediate",+380950717879,"Anastasiia Radutna","11. November 2021",2020-07-24,,,,,"Refused to Continue Process",Scheduled
248544000025925644,Anna,Yemelianova,ann.yemelyanova94@gmail.com,"Marketing manager",,Junior,,,Ukraine,"Upper intermediate",+380502912187,"Vera Nikitenko","07. July2020",,,,,,"Refused to Continue Process",Scheduled
248544000027514168,Таисия,Демешко,demeshko96@gmail.com,"Marketing Researcher",,Junior,,Kharkiv,Ukraine,"Upper intermediate",+380671990742,"Nikita Sagan","08. August2020",,,,,,"TI failed",Scheduled
248544000027705663,Semen,Kshniakin,,Developer,,Middle,"Angular 2+;Node.js;Vue.js",Kyiv,Ukraine,"Upper intermediate",0957495101,"Yuliia Palianychka","09. September2020",2020-09-01,,,,,"Picked up and prescreening",Scheduled
248544000028497073,Rodion,Kuznetsov,,Recruiter,,Lead,,Kyiv,Ukraine,"Upper intermediate","050 386 41 37","Sofia Kravchenko","09. September2020",,,,,,"Position Closed",Scheduled
248544000029625449,Emre,Başkan,3mr3baskan@gmail.com,Developer,,Senior,Java;React.js;Angular.js;Node.js;Vue.js,Kyiv,Ukraine,Intermediate,+380981006479,"Mariana Romaniv","11. November2020",2022-01-26,,,,,"Position Closed",Scheduled
248544000029978007,Pavel,Kovalenko,kovalenko.pavel89@gmail.com,Developer,,Senior,Python,Kyiv,Ukraine,"Upper intermediate",+380503403891,"Artem Nikitiuk","01. January2021",,,,,,"Contacted via LinkedIn",Scheduled
248544000030236301,Yana,Belokrylaya,belokrylaya.yana@gmail.com,Recruiter,,Middle,,Kharkiv,Ukraine,Advanced,0501976760,"Vera Nikitenko","10. October2020",,,,,,Hired,Scheduled
248544000030250049,Denys,Lykov,,Developer,,Senior,"Java;Perl;Python;C++;C Sharp",,Ukraine,"Upper intermediate",,"Anastasia Kuzmenko","10. October2020",,,,,,On-hold,Scheduled
248544000031084233,Oleh,Shevchenko,oshevchenko132@gmail.com,Developer,,Senior,TypeScript;,Kyiv,Ukraine,Advanced,+380678898650,"Anastasia Kuzmenko","11. November2020",2020-11-30,,,,,"Refused to Continue Process",Scheduled
248544000031090984,Tatiana,Bykova,tatianabykova1988@gmail.com,Recruiter,,Lead,,Kyiv,Ukraine,"Upper intermediate","093 164 79 94","Sofia Kravchenko","11. November2020",,,,,,"Refused to Continue Process",Scheduled
248544000031402087,Sviatoslav,Zapolskyi,sviatoslav.zapolskyi@gmail.com,AQA,,Middle,"Java;AQA Java",Odessa,Ukraine,Intermediate,,"Igor Fashchenko","12. December 2021",2022-01-20,,,,,"Waiting for TI",Scheduled
248544000031463042,Sergei,Kachovskyi,kachinski.sergei@icloud.com,Developer,"Back End",Junior,Node.js,Kyiv,Ukraine,Intermediate,,"David Khachatryan","09. September 2021",2021-10-01,,,,,"Refused to Continue Process",Scheduled
248544000032096248,Valeriia,Tsurikova,valeriiatsurikova22@gmail.com,Recruiter,,Junior,,Kharkiv,Ukraine,Intermediate,"063 476 51 00","Mariana Romaniv",12.December2020,2020-12-28,,,,,"Refused to Continue Process",Scheduled
248544000032182789,Andrii,Kosach,kosach.a@gmail.com,Developer,"Full Stack",Senior,"JS;Angular.js;Node.js;PHP;C Sharp;Vue.js",Lviv,Ukraine,"Upper intermediate","093 754 69 84","Anhelina Zhdanko","09. September 2021",2021-10-29,,,,,"TT failed",Scheduled
248544000034315727,Николай,Новицкий,mykola.novytskyi@gmail.com,Developer,,Senior,"JS;Angular.js;Angular 2+;Node.js",,Ukraine,Intermediate,,"Anna Palamarchuk","10. October 2021",2021-10-22,,,,,"Position Closed",Scheduled
248544000034815157,Nazar,Leshchuk,lesnazarko18@gmail.com,AQA,,Senior,"AQA Java",Lviv,Ukraine,"Upper intermediate",+380677837567,"Myloslava Chernii","09. September 2021",2021-10-19,,,,,"Refused to Continue Process",Scheduled
248544000034850133,Diana,Sahan,sagan_diana@ukr.net,Developer,,Middle,React.js;Node.js,,Ukraine,"Upper intermediate","+380 95 583 73 34","Mariana Romaniv","02. February 2022",2022-02-24,,,,,"Waiting for TT results",Scheduled
248544000037385535,Viktor,Dudyk,victordudyk@gmail.com,Developer,,Lead,".Net Core;SQL;C Sharp",Kyiv,Ukraine,"Upper intermediate",+380932723647,"Yana Bilokryla","05. May2021",,,,,,"Assigning to client's JO",Scheduled
248544000037551901,Natalie,Shevchenko,theurgy8@gmail.com,PM,,Middle,,Kyiv,Ukraine,Advanced,0960553490,"Dariia Perzhanovska","02. February2021",2021-03-09,,,,,"Refused to Continue Process",Scheduled
248544000037634076,Валерий,Бас,bananchik97@gmail.com,Developer,"Full Stack",Junior,.NET,Odessa,Ukraine,Intermediate,+380936880106,"Yana Bilokryla","07. July2021",,,,,,"Refused to Continue Process",Scheduled
248544000045527314,Mykhailo,Rednikin,michael.rednikin@gmail.com,Developer,,Lead,".NET;SQL;C Sharp",,Ukraine,Advanced,+380931446593,"Yana Bilokryla","04. April2021",,,,,,"Refused to Continue Process",Scheduled
248544000045897294,Anastasyia,Lypka,lipkanastya9@gmail.com,Recruiter,,Junior,N/A,Kharkiv,Ukraine,Intermediate,0508279614,"Nikita Shevchenko","04. April2021",,,,,,"Refused to Continue Process",Scheduled
248544000047523177,Andrew,Marchuk,marchukandrij@gmail.com,Developer,,Senior,Python;Vue.js,,Ukraine,Intermediate,,"Myloslava Chernii","10. October 2021",2021-11-01,,,,,"Refused to Continue Process",Scheduled
248544000047599018,Yurii,R.,yurarudnychenko@meta.ua,Developer,"Full Stack",Senior,".NET;JS;Angular.js;Angular 2+;Node.js;Vue.js",Lviv,Ukraine,"Upper intermediate",,"Mariana Romaniv","02. February 2022",2022-02-21,,,,,"Position Closed",Scheduled
248544000047760846,Anatolii,Dubyna,tolanx7@gmail.com,DevOps,,Middle,Bash,Lviv,Ukraine,Intermediate,,"Anna Palamarchuk","06. June2021",,,,,,"Stopped replying",Scheduled
248544000054203472,Andrii,Oleksyshyn,orphy@ukr.net,Developer,,Senior,"Angular 2+",,Ukraine,Intermediate,,"Dariia Perzhanovska","06. June2021",2021-07-19,,,,,"Refused to Continue Process",Scheduled
248544000055264598,Julia,Belitskaya,belitskaya.yulia@gmail.com,"Marketing manager",,Senior,N/A,Kyiv,Ukraine,"Upper intermediate",+380990880165,"Vitalina Mieshkova","05. May2021",2021-06-15,,,,,"Waiting for TI",Scheduled
248544000055902140,Oleksandra,Stepanova,alexandrastepanovaw@gmail.com,PM,,Trainee,N/A,Kyiv,Ukraine,Advanced,0938522026,,"12. December 2021",2021-06-16,,,,,Interested,Scheduled
248544000061920202,Dima,Akatiev,akatev58@gmail.com,Developer,,Junior,Java;Node.js;Vue.js,Lviv,Ukraine,Intermediate,,"Mariana Romaniv","12. December 2021",2022-01-04,,,,,"Refused to Continue Process",Scheduled
248544000064093994,Ivan,Korotushchyk,korotushchykivan@gmail.com,Developer,,Lead,D3;JS;React.js;RN;Angular.js;Node.js;PHP;DevOps;AWS,Kharkiv,Ukraine,"Upper intermediate",,"Mariana Romaniv","10. October 2021",2021-11-15,,,,,"Position Closed",Scheduled
248544000064666891,Hanna,Lytvynenko,hanna.lytvynenko1@gmail.com,"HR manager",,Middle,N/A,Kyiv,Ukraine,"Upper intermediate","(093) 461 75 43","Yana Bilokryla","08. August2021",2021-08-25,,,,,"Refused to Continue Process",Scheduled
248544000065665501,Max,Ostapchuk,kurtmo17@gmail.com,Developer,Mobile,Middle,iOS,,Ukraine,Intermediate,0975741479,"Anna Matushko","12. December 2021",,"Hawer Torres",,,,"Refused to Continue Process",Passed
248544000065719731,Olga,Nesterenko,olga_nesterenko@icloud.com,Developer,,Senior,Android;iOS;Python,Kyiv,Ukraine,"Upper intermediate",,"Anhelina Zhdanko","11. November 2021",2021-12-13,,,,,"Refused to Continue Process",Scheduled
248544000065729128,Orest,Hrabovskyi,grabovskiy.orest@gmail.com,Developer,Mobile,Senior,iOS,Lviv,Ukraine,Intermediate,+380967970812,"Anna Matushko","12. December 2021",2022-01-05,,,,,"Waiting for TI",Scheduled
248544000066497180,Yuriy,Dehtyaryov,dehtyaryov@gmail.com,DevOps,,Middle,Java;JS;DevOps;AWS,Kyiv,Ukraine,Intermediate,,"Igor Fashchenko","02. February 2022",2022-02-21,,,,,"Waiting for TI",Scheduled
248544000072525435,Alexey,Drozhzhin,adrozhzhin03@gmail.com,"Marketing manager",,Middle,N/A,Odessa,Ukraine,"Upper intermediate",+380935226436,"Nikita Sagan","01. January 2022",2021-10-27,,,,,"Picked up and prescreening",Scheduled
248544000073568896,Valeria,Kovalenko,obriy.val@gmail.com,QA,,Senior,"Functional testing;Mobile testing",,Ukraine,"Upper intermediate","+380 (95) 904 01 06","Olha Buhaichuk","10. October 2021",2021-10-19,,,,,"Refused to Continue Process",Scheduled
248544000073613136,Oleksii,Azarnin,azarnin.alex@gmail.com,QA,,Middle,SQL;API,,Ukraine,Intermediate,0503916882,"Olha Buhaichuk","10. October 2021",2021-10-12,,,,,"Refused to Continue Process",Scheduled
248544000073902337,Valentyn,Kharasyk,lopanreka@gmail.com,Developer,,Junior,JS;React.js,Kharkiv,Ukraine,Intermediate,+380951376025,"Mariana Romaniv","10. October 2021",2021-11-05,,,,,"Position Closed",Scheduled
248544000075008786,Dmytro,Serdiuk,dmytro.serdiuk@gmail.com,Developer,,Senior,"Big Data;UI;UX",Dnipro,Ukraine,"Not checked yet",,"Anna Palamarchuk",,,"Alex Sharabudinov",,,,Associated,Passed
248544000075665551,Alexey,S.,alexey.stupakov@gmail.com,Developer,"Back End",Middle,.NET,Dnipro,Ukraine,Intermediate,,"Anna Klimova","01. January 2022",2022-02-11,,,,,"Refused to Continue Process",Scheduled
248544000077087334,Mariia,Hrezina,mariia.hrezina@gmail.com,"Event Manager",,Middle,N/A,Kharkiv,Ukraine,"Upper intermediate","+38 (066) 207-91-57","Anna Klimova","11. November 2021",2021-11-29,,,,,"Position Closed",Scheduled
248544000078717636,Anna,Yakovlieva,yakovlevaannaser@gmail.com,"Event Manager",,Middle,N/A,Kharkiv,Ukraine,"Upper intermediate","050 141-81-69","Anna Klimova","11. November 2021",2021-12-02,,,,,"Position Closed",Scheduled
248544000079449148,Kyrylo,Chornobryvets,gricao@gmail.com,Developer,"Back End",Junior,Java,Kharkiv,Ukraine,Intermediate,+380956967258,"Anna Klimova","11. November 2021",2021-11-19,,,,,"Refused to Continue Process",Scheduled
248544000080587081,Andrii,Holoshivskyi,andrii.holoshivskyi@gmail.com,Developer,,Trainee,Java,,Ukraine,Intermediate,"098 276 86 27","Yana Bilokryla","11. November 2021",2021-12-06,,,,,"Refused to Continue Process",Scheduled
248544000080588663,Татьяна,Шевченко,tshevchenko87@gmail.com,"Marketing manager",,Senior,N/A,Kyiv,Ukraine,Intermediate,"+38 093 204 90 09","Nikita Sagan","11. November 2021",2021-12-16,,,,,"Waiting for TI",Scheduled
248544000082690131,Taras,Linets,linetstg@gmail.com,Developer,"Front End",Junior,React.js,Kyiv,Ukraine,Intermediate,0955500022,"Anna Palamarchuk","12. December 2021",,"Serhii Troinin",,,,"Checking TT",Passed
248544000084315567,Pavel,Iermakov,ptopdruk@gmail.com,Developer,"Front End",Trainee,React.js,Kyiv,Ukraine,Intermediate,"+38 (050) 443-22-55","Anna Palamarchuk","12. December 2021",,"Maksym Bozhenov",,,,"Setting up TI",Passed
248544000085569175,Mariia,Sokolova,mgsm4762@gmail.com,Sales,,Junior,N/A,Kharkiv,Ukraine,Intermediate,+380633495835,"Nikita Sagan","01. January 2022",2022-01-18,,,,,"Refused to Continue Process",Scheduled
248544000089063088,Viktoriia,Yemelianova,emelyanovavikaa@gmail.com,Developer,"Full Stack",Middle,JS;Node.js;TypeScript;Express.js,Kharkiv,Ukraine,Intermediate,+380634229796,"Mariana Romaniv","02. February 2022",2022-02-21,,,,,"Waiting for TI",Scheduled
248544000089610427,Anna,Vladymyrova,vladymyrova.av@gmail.com,"HR manager",,Middle,N/A,Kyiv,Ukraine,"Upper intermediate",380991737507,"Yana Bilokryla","02. February 2022",2022-02-21,,,,,"Waiting for TI",Scheduled
